{
    "train": {
        "box_loss": 0.60663,
        "cls_loss": 0.4443,
        "dfl_loss": 0.98903
    },
    "metrics": {
        "precision(B)": 0.516336316723427,
        "recall(B)": 0.32374369374236533,
        "mAP50(B)": 0.4090381931920069,
        "mAP50-95(B)": 0.19232576795460937
    },
    "val": {
        "box_loss": 2.04278,
        "cls_loss": 1.71711,
        "dfl_loss": 2.09455
    },
    "lr": {
        "pg0": 0.008922834512354112,
        "pg1": 0.008922834512354112,
        "pg2": 0.008922834512354112
    },
    "model": {
        "parameters": 25318961,
        "GFLOPs": 87.317,
        "speed_PyTorch(ms)": 0.668
    },
    "step": 107
}
