{
    "train": {
        "box_loss": 0.50646,
        "cls_loss": 0.37507,
        "dfl_loss": 0.9426
    },
    "metrics": {
        "precision(B)": 0.45310803895604196,
        "recall(B)": 0.39121330587500047,
        "mAP50(B)": 0.4104513245645592,
        "mAP50-95(B)": 0.19457877431946666
    },
    "val": {
        "box_loss": 2.08089,
        "cls_loss": 1.73063,
        "dfl_loss": 2.13342
    },
    "lr": {
        "pg0": 0.008742408669849702,
        "pg1": 0.008742408669849702,
        "pg2": 0.008742408669849702
    },
    "model": {
        "parameters": 56886481,
        "GFLOPs": 195.514,
        "speed_PyTorch(ms)": 1.156
    },
    "step": 116
}
