{
    "train": {
        "box_loss": 1.79261,
        "cls_loss": 1.88424,
        "dfl_loss": 1.84505
    },
    "metrics": {
        "precision(B)": 0.485724203177148,
        "recall(B)": 0.1946744345862947,
        "mAP50(B)": 0.3326204753985501,
        "mAP50-95(B)": 0.1644637473164542
    },
    "val": {
        "box_loss": 1.92819,
        "cls_loss": 1.95948,
        "dfl_loss": 1.97839
    },
    "lr": {
        "pg0": 6.972590405219546e-05,
        "pg1": 6.972590405219546e-05,
        "pg2": 6.972590405219546e-05
    },
    "model": {
        "parameters": 25862689,
        "GFLOPs": 79.098,
        "speed_PyTorch(ms)": 0.496
    },
    "step": 4
}
