step	box_loss
0	2.58766
1	2.05563
2	1.97486
3	1.90472
4	1.79261
