step	cls_loss
0	4.61857
1	2.62891
2	2.37094
3	2.12979
4	1.88424
