step	dfl_loss
0	2.39462
1	1.98773
2	2.00329
3	1.93549
4	1.84505
