step	mAP50-95(B)
0	0.05133
1	0.05673
2	0.0834
3	0.11106
4	0.16424
