step	mAP50(B)
0	0.13568
1	0.14474
2	0.18648
3	0.24788
4	0.3322
