step	precision(B)
0	0.16192
1	0.15667
2	0.20076
3	0.34478
4	0.48483
