step	recall(B)
0	0.21563
1	0.24512
2	0.21495
3	0.18736
4	0.19426
