step	pg1
0	0.00021880423280423277
1	0.0003994339258914051
2	0.0004365395769216257
3	0.0002348084040521955
4	6.972590405219546e-05
